{
  "a": -0.31078492374603434,
  "b": 0.2871309148671102,
  "converged": true,
  "n_iters": 6,
  "n_train": 422,
  "raw_brier": 0.32442973250078017,
  "cal_brier": 0.2490443930914996,
  "raw_log_loss": 0.8855642369383608,
  "cal_log_loss": 0.6912201530822897,
  "raw_predicted_mean": 0.7944544727274199,
  "actual_rate": 0.5213270142180095,
  "cal_predicted_mean": 0.5213270142180099,
  "fitted_at_utc": "2026-06-25 16:44 UTC"
}